index,split,func_before,llm_explanation,root_label,level_1,level_2,level_3,level_4,level_5,level_mask_1,level_mask_2,level_mask_3,level_mask_4,level_mask_5,cwe_id,pair_id,is_fixed
0,train,int safe_0(int x) { if (x < 0) return -1; return x + 1; },The function validates its integer input and returns a bounded result.,0,-100,-100,-100,-100,-100,0,0,0,0,0,SAFE,pair-SAFE-0,1
1,train,int safe_1(int x) { if (x < 0) return -1; return x + 1; },The function validates its integer input and returns a bounded result.,0,-100,-100,-100,-100,-100,0,0,0,0,0,SAFE,pair-SAFE-0,1
2,train,int safe_2(int x) { if (x < 0) return -1; return x + 1; },The function validates its integer input and returns a bounded result.,0,-100,-100,-100,-100,-100,0,0,0,0,0,SAFE,pair-SAFE-1,1
3,train,int safe_3(int x) { if (x < 0) return -1; return x + 1; },The function validates its integer input and returns a bounded result.,0,-100,-100,-100,-100,-100,0,0,0,0,0,SAFE,pair-SAFE-1,1
4,train,int safe_4(int x) { if (x < 0) return -1; return x + 1; },The function validates its integer input and returns a bounded result.,0,-100,-100,-100,-100,-100,0,0,0,0,0,SAFE,pair-SAFE-2,1
5,train,int safe_5(int x) { if (x < 0) return -1; return x + 1; },The function validates its integer input and returns a bounded result.,0,-100,-100,-100,-100,-100,0,0,0,0,0,SAFE,pair-SAFE-2,1
6,train,int safe_6(int x) { if (x < 0) return -1; return x + 1; },The function validates its integer input and returns a bounded result.,0,-100,-100,-100,-100,-100,0,0,0,0,0,SAFE,pair-SAFE-3,1
7,train,int safe_7(int x) { if (x < 0) return -1; return x + 1; },The function validates its integer input and returns a bounded result.,0,-100,-100,-100,-100,-100,0,0,0,0,0,SAFE,pair-SAFE-3,1
8,train,int safe_8(int x) { if (x < 0) return -1; return x + 1; },The function validates its integer input and returns a bounded result.,0,-100,-100,-100,-100,-100,0,0,0,0,0,SAFE,pair-SAFE-4,1
9,train,int safe_9(int x) { if (x < 0) return -1; return x + 1; },The function validates its integer input and returns a bounded result.,0,-100,-100,-100,-100,-100,0,0,0,0,0,SAFE,pair-SAFE-4,1
10,train,int safe_10(int x) { if (x < 0) return -1; return x + 1; },The function validates its integer input and returns a bounded result.,0,-100,-100,-100,-100,-100,0,0,0,0,0,SAFE,pair-SAFE-5,1
11,train,int safe_11(int x) { if (x < 0) return -1; return x + 1; },The function validates its integer input and returns a bounded result.,0,-100,-100,-100,-100,-100,0,0,0,0,0,SAFE,pair-SAFE-5,1
12,train,"void copy_12(char *src) { char dst[8]; strcpy(dst, src); }",The function copies untrusted data into a fixed-size buffer without a bound check.,1,0,0,0,0,0,1,1,1,1,1,CWE-119,pair-CWE-119-0,0
13,train,"void copy_13(char *src) { char dst[8]; strcpy(dst, src); }",The function copies untrusted data into a fixed-size buffer without a bound check.,1,0,0,0,0,0,1,1,1,1,1,CWE-119,pair-CWE-119-0,0
14,train,"void copy_14(char *src) { char dst[8]; strcpy(dst, src); }",The function copies untrusted data into a fixed-size buffer without a bound check.,1,0,0,0,0,0,1,1,1,1,1,CWE-119,pair-CWE-119-1,0
15,train,"void copy_15(char *src) { char dst[8]; strcpy(dst, src); }",The function copies untrusted data into a fixed-size buffer without a bound check.,1,0,0,0,0,0,1,1,1,1,1,CWE-119,pair-CWE-119-1,0
16,train,"void copy_16(char *src) { char dst[8]; strcpy(dst, src); }",The function copies untrusted data into a fixed-size buffer without a bound check.,1,0,0,0,0,0,1,1,1,1,1,CWE-119,pair-CWE-119-2,0
17,train,"void copy_17(char *src) { char dst[8]; strcpy(dst, src); }",The function copies untrusted data into a fixed-size buffer without a bound check.,1,0,0,0,0,0,1,1,1,1,1,CWE-119,pair-CWE-119-2,0
18,train,"void copy_18(char *src) { char dst[8]; strcpy(dst, src); }",The function copies untrusted data into a fixed-size buffer without a bound check.,1,0,0,0,0,0,1,1,1,1,1,CWE-119,pair-CWE-119-3,0
19,train,"void copy_19(char *src) { char dst[8]; strcpy(dst, src); }",The function copies untrusted data into a fixed-size buffer without a bound check.,1,0,0,0,0,0,1,1,1,1,1,CWE-119,pair-CWE-119-3,0
20,train,"void copy_20(char *src) { char dst[8]; strcpy(dst, src); }",The function copies untrusted data into a fixed-size buffer without a bound check.,1,0,0,0,0,0,1,1,1,1,1,CWE-119,pair-CWE-119-4,0
21,train,"void copy_21(char *src) { char dst[8]; strcpy(dst, src); }",The function copies untrusted data into a fixed-size buffer without a bound check.,1,0,0,0,0,0,1,1,1,1,1,CWE-119,pair-CWE-119-4,0
22,train,"void copy_22(char *src) { char dst[8]; strcpy(dst, src); }",The function copies untrusted data into a fixed-size buffer without a bound check.,1,0,0,0,0,0,1,1,1,1,1,CWE-119,pair-CWE-119-5,0
23,train,"void copy_23(char *src) { char dst[8]; strcpy(dst, src); }",The function copies untrusted data into a fixed-size buffer without a bound check.,1,0,0,0,0,0,1,1,1,1,1,CWE-119,pair-CWE-119-5,0
24,train,"int command_24(char *user) { char cmd[64]; sprintf(cmd, ""ls %s"", user); return system(cmd); }",The function concatenates untrusted input into an operating-system command.,1,1,1,1,1,1,1,1,1,1,1,CWE-78,pair-CWE-78-0,0
25,train,"int command_25(char *user) { char cmd[64]; sprintf(cmd, ""ls %s"", user); return system(cmd); }",The function concatenates untrusted input into an operating-system command.,1,1,1,1,1,1,1,1,1,1,1,CWE-78,pair-CWE-78-0,0
26,train,"int command_26(char *user) { char cmd[64]; sprintf(cmd, ""ls %s"", user); return system(cmd); }",The function concatenates untrusted input into an operating-system command.,1,1,1,1,1,1,1,1,1,1,1,CWE-78,pair-CWE-78-1,0
27,train,"int command_27(char *user) { char cmd[64]; sprintf(cmd, ""ls %s"", user); return system(cmd); }",The function concatenates untrusted input into an operating-system command.,1,1,1,1,1,1,1,1,1,1,1,CWE-78,pair-CWE-78-1,0
28,train,"int command_28(char *user) { char cmd[64]; sprintf(cmd, ""ls %s"", user); return system(cmd); }",The function concatenates untrusted input into an operating-system command.,1,1,1,1,1,1,1,1,1,1,1,CWE-78,pair-CWE-78-2,0
29,train,"int command_29(char *user) { char cmd[64]; sprintf(cmd, ""ls %s"", user); return system(cmd); }",The function concatenates untrusted input into an operating-system command.,1,1,1,1,1,1,1,1,1,1,1,CWE-78,pair-CWE-78-2,0
30,train,"int command_30(char *user) { char cmd[64]; sprintf(cmd, ""ls %s"", user); return system(cmd); }",The function concatenates untrusted input into an operating-system command.,1,1,1,1,1,1,1,1,1,1,1,CWE-78,pair-CWE-78-3,0
31,train,"int command_31(char *user) { char cmd[64]; sprintf(cmd, ""ls %s"", user); return system(cmd); }",The function concatenates untrusted input into an operating-system command.,1,1,1,1,1,1,1,1,1,1,1,CWE-78,pair-CWE-78-3,0
32,train,"int command_32(char *user) { char cmd[64]; sprintf(cmd, ""ls %s"", user); return system(cmd); }",The function concatenates untrusted input into an operating-system command.,1,1,1,1,1,1,1,1,1,1,1,CWE-78,pair-CWE-78-4,0
33,train,"int command_33(char *user) { char cmd[64]; sprintf(cmd, ""ls %s"", user); return system(cmd); }",The function concatenates untrusted input into an operating-system command.,1,1,1,1,1,1,1,1,1,1,1,CWE-78,pair-CWE-78-4,0
34,train,"int command_34(char *user) { char cmd[64]; sprintf(cmd, ""ls %s"", user); return system(cmd); }",The function concatenates untrusted input into an operating-system command.,1,1,1,1,1,1,1,1,1,1,1,CWE-78,pair-CWE-78-5,0
35,train,"int command_35(char *user) { char cmd[64]; sprintf(cmd, ""ls %s"", user); return system(cmd); }",The function concatenates untrusted input into an operating-system command.,1,1,1,1,1,1,1,1,1,1,1,CWE-78,pair-CWE-78-5,0
36,valid,int safe_36(int x) { if (x < 0) return -1; return x + 1; },The function validates its integer input and returns a bounded result.,0,-100,-100,-100,-100,-100,0,0,0,0,0,SAFE,pair-SAFE-0,1
37,valid,int safe_37(int x) { if (x < 0) return -1; return x + 1; },The function validates its integer input and returns a bounded result.,0,-100,-100,-100,-100,-100,0,0,0,0,0,SAFE,pair-SAFE-0,1
38,valid,int safe_38(int x) { if (x < 0) return -1; return x + 1; },The function validates its integer input and returns a bounded result.,0,-100,-100,-100,-100,-100,0,0,0,0,0,SAFE,pair-SAFE-1,1
39,valid,int safe_39(int x) { if (x < 0) return -1; return x + 1; },The function validates its integer input and returns a bounded result.,0,-100,-100,-100,-100,-100,0,0,0,0,0,SAFE,pair-SAFE-1,1
40,valid,"void copy_40(char *src) { char dst[8]; strcpy(dst, src); }",The function copies untrusted data into a fixed-size buffer without a bound check.,1,0,0,0,0,0,1,1,1,1,1,CWE-119,pair-CWE-119-0,0
41,valid,"void copy_41(char *src) { char dst[8]; strcpy(dst, src); }",The function copies untrusted data into a fixed-size buffer without a bound check.,1,0,0,0,0,0,1,1,1,1,1,CWE-119,pair-CWE-119-0,0
42,valid,"void copy_42(char *src) { char dst[8]; strcpy(dst, src); }",The function copies untrusted data into a fixed-size buffer without a bound check.,1,0,0,0,0,0,1,1,1,1,1,CWE-119,pair-CWE-119-1,0
43,valid,"void copy_43(char *src) { char dst[8]; strcpy(dst, src); }",The function copies untrusted data into a fixed-size buffer without a bound check.,1,0,0,0,0,0,1,1,1,1,1,CWE-119,pair-CWE-119-1,0
44,valid,"int command_44(char *user) { char cmd[64]; sprintf(cmd, ""ls %s"", user); return system(cmd); }",The function concatenates untrusted input into an operating-system command.,1,1,1,1,1,1,1,1,1,1,1,CWE-78,pair-CWE-78-0,0
45,valid,"int command_45(char *user) { char cmd[64]; sprintf(cmd, ""ls %s"", user); return system(cmd); }",The function concatenates untrusted input into an operating-system command.,1,1,1,1,1,1,1,1,1,1,1,CWE-78,pair-CWE-78-0,0
46,valid,"int command_46(char *user) { char cmd[64]; sprintf(cmd, ""ls %s"", user); return system(cmd); }",The function concatenates untrusted input into an operating-system command.,1,1,1,1,1,1,1,1,1,1,1,CWE-78,pair-CWE-78-1,0
47,valid,"int command_47(char *user) { char cmd[64]; sprintf(cmd, ""ls %s"", user); return system(cmd); }",The function concatenates untrusted input into an operating-system command.,1,1,1,1,1,1,1,1,1,1,1,CWE-78,pair-CWE-78-1,0
